﻿# 
# This file contains the parameter values of the Design Points successfully updated by Ansys Workbench.
# Project name: Gear
# Creation date: 12/17/2025 00:26:47
# 
# 12/17/2025 00:26:47
# The parameters defined in the project are:
# ,P1 - Shaft_Dia [mm],P3 - Facewidth [mm]
# 
# The following header line defines the name of the columns by reference to the parameters.
Name,P1,P3
DP 0,30,20
# 
# A non parametric change occurred and invalidated design point results.
# 12/17/2025 00:38:19
# 
# 
# 12/17/2025 00:48:21
# Parameters have been added and/or removed. The parameters now defined in the project are:
# ,P1 - Shaft_Dia [mm],P7 - Force X Component [N],P3 - Facewidth [mm],P5 - Equivalent Stress Maximum [MPa],P6 - Gear_Dia [mm]
# 
# The following header line defines the name of the columns by reference to the parameters.
Name,P1,P7,P3,P5,P6
DP 0,30,5000,20,66.580477435221653,100
DP 2,28,4000,18,54.858485377465591,95
DP 4,30,6000,15,117.63450092132409,100
DP 5,25,10000,20,80.380599684656872,98
DP 1,28,8000,18,118.50550696870293,96
DP 3,26,12000,16,178.9096144088175,94
DP 6,29,15000,19,191.4817159839881,98
# 
# A non parametric change occurred and invalidated design point results.
# 12/17/2025 00:58:10
# 
DP 1,28,10000,18,149.91621729136787,96
DP 2,25,25000,15,481.97119889533292,90
DP 3,32,30000,19,432.62265603414522,98
DP 4,26,8000,16,119.90278769203547,94
DP 5,29,22000,20,305.07741150522054,99
DP 6,27,15000,17,187.96373107420828,92
# 
# A non parametric change occurred and invalidated design point results.
# 12/17/2025 01:08:17
# 
DP 1,30,8000,20,107.5535948820617,100
DP 2,28,5000,18,70.0718061436628,95
DP 3,32,15000,19,219.21900620749787,98
DP 4,25,9000,15,182.35896115446926,92
DP 5,29,4000,16,70.906444174083646,96
DP 6,26,11000,14,275.63005280039226,94
# 
# A non parametric change occurred and invalidated design point results.
# 12/17/2025 01:23:11
# 
# 
# 12/17/2025 02:00:04
# Parameters have been added and/or removed. The parameters now defined in the project are:
# ,P8 - ID [mm],P13 - Force Y Component [N],P12 - Thickness [mm],P5 - Equivalent Stress Maximum [MPa],P11 - OD [mm]
# 
# The following header line defines the name of the columns by reference to the parameters.
Name,P8,P13,P12,P5,P11
DP 1,32,-4000,8,5.8208663673692014,40
DP 2,28,-6000,6,12.47876066799577,36
DP 3,30,-8000,7.5,10.001884603744269,42
DP 4,25,-3000,7,5.0028190414108469,35
DP 5,34,-5000,6.5,7.7486554357997592,44
DP 6,30,-7000,7.2,9.58225994991046,48
