﻿# 
# This file contains the parameter values of the Design Points successfully updated by Ansys Workbench.
# Project name: Flange Cad
# Creation date: 12/16/2025 19:57:15
# 
# 12/16/2025 19:57:15
# The parameters defined in the project are:
# ,P1 - Diameter [mm],P2 - Thickness [mm]
# 
# The following header line defines the name of the columns by reference to the parameters.
Name,P1,P2
DP 0,220,22
# 
# A non parametric change occurred and invalidated design point results.
# 12/16/2025 20:36:30
# 
# 
# 12/16/2025 20:44:25
# Parameters have been added and/or removed. The parameters now defined in the project are:
# ,P1 - Diameter [mm],P2 - Thickness [mm],P3 - Force Z Component [N],P4 - Equivalent Stress Maximum [MPa]
# 
# The following header line defines the name of the columns by reference to the parameters.
Name,P1,P2,P3,P4
DP 1,210,15,-8000,15.497299804151604
DP 2,200,12,-12000,35.626307388318082
DP 3,230,25,-15000,8.7243781659559367
DP 4,215,18,-20000,29.588493798921665
DP 5,225,20,-25000,32.721041103090151
DP 6,205,10,-5000,20.357057969977305
DP 7,195,8,-4000,25.880064690453839
# 
# A non parametric change occurred and invalidated design point results.
# 12/16/2025 21:03:52
# 
DP 0,220,20,-5000,6.49656327237276
DP 1,220,10,-6000,24.420303751034677
DP 2,210,8,-9000,58.887969209188732
DP 3,200,6,-4000,45.502728536042156
DP 4,240,15,-30000,62.221515484796754
DP 5,218,9,-18000,92.3665360633896
DP 6,222,11,-22000,73.2212379478983
DP 7,195,7,-10000,83.81959973229749
# 
# A non parametric change occurred and invalidated design point results.
# 12/16/2025 21:14:07
# 
DP 1,220,10,-5000,21.367749609976805
DP 2,215,9,-11000,57.867393885771577
DP 3,205,8,-16000,107.83989316336117
DP 4,235,14,-28000,67.509319867301741
DP 5,200,6,-8000,95.792725451881552
DP 6,225,12,-24000,76.1171455646919
DP 7,210,18,-3500,5.4792731492674269
