<?xml version="1.0" encoding="UTF-8"?>
<EngineeringData version="22.1.0.216" versiondate="11/14/2021 3:10:00 PM">
  <Notes>
  </Notes>
  <Materials>
    <MatML_Doc>
      <Material>
        <BulkDetails>
          <Name>316 Steel</Name>
          <PropertyData property="pr0">
            <Data format="string">-</Data>
            <Qualifier name="Localized Name">Color</Qualifier>
            <ParameterValue parameter="pa0" format="float">
              <Data>170</Data>
              <Qualifier name="Variable Type">Dependent</Qualifier>
              <Qualifier name="Localized Name">Red</Qualifier>
            </ParameterValue>
            <ParameterValue parameter="pa1" format="float">
              <Data>170</Data>
              <Qualifier name="Variable Type">Dependent</Qualifier>
              <Qualifier name="Localized Name">Green</Qualifier>
            </ParameterValue>
            <ParameterValue parameter="pa2" format="float">
              <Data>170</Data>
              <Qualifier name="Variable Type">Dependent</Qualifier>
              <Qualifier name="Localized Name">Blue</Qualifier>
            </ParameterValue>
            <ParameterValue parameter="pa3" format="string">
              <Data>Appearance</Data>
            </ParameterValue>
          </PropertyData>
          <PropertyData property="pr1">
            <Data format="string">-</Data>
            <Qualifier name="Field Variable Compatible">Temperature</Qualifier>
            <Qualifier name="Localized Name">Density</Qualifier>
            <ParameterValue parameter="pa4" format="string">
              <Data>Interpolation Options</Data>
              <Qualifier name="AlgorithmType">Linear Multivariate</Qualifier>
              <Qualifier name="Normalized">True</Qualifier>
              <Qualifier name="Cached">True</Qualifier>
              <Qualifier name="ExtrapolationType">Projection to the Bounding Box</Qualifier>
              <Qualifier name="Localized Name">Interpolation Options</Qualifier>
            </ParameterValue>
            <ParameterValue parameter="pa5" format="float">
              <Data>8000</Data>
              <Qualifier name="Variable Type">Dependent</Qualifier>
              <Qualifier name="Localized Name">Density</Qualifier>
            </ParameterValue>
            <ParameterValue parameter="pa6" format="float">
              <Data>7.88860905221012e-31</Data>
              <Qualifier name="Variable Type">Independent</Qualifier>
              <Qualifier name="Localized Name">Temperature</Qualifier>
              <Qualifier name="Field Variable">Temperature</Qualifier>
              <Qualifier name="Default Data">22</Qualifier>
              <Qualifier name="Upper Limit">Program Controlled</Qualifier>
              <Qualifier name="Lower Limit">Program Controlled</Qualifier>
              <Qualifier name="Field Units">C</Qualifier>
            </ParameterValue>
          </PropertyData>
          <PropertyData property="pr2">
            <Data format="string">-</Data>
            <Qualifier name="Behavior">Isotropic</Qualifier>
            <Qualifier name="Derive from">Young's Modulus and Poisson's Ratio</Qualifier>
            <Qualifier name="Field Variable Compatible">Temperature</Qualifier>
            <Qualifier name="Localized Name">Isotropic Elasticity</Qualifier>
            <ParameterValue parameter="pa4" format="string">
              <Data>Interpolation Options</Data>
              <Qualifier name="AlgorithmType">Linear Multivariate</Qualifier>
              <Qualifier name="Normalized">True</Qualifier>
              <Qualifier name="Cached">True</Qualifier>
              <Qualifier name="ExtrapolationType">Projection to the Bounding Box</Qualifier>
              <Qualifier name="Localized Name">Interpolation Options</Qualifier>
            </ParameterValue>
            <ParameterValue parameter="pa7" format="float">
              <Data>193000000000</Data>
              <Qualifier name="Variable Type">Dependent</Qualifier>
              <Qualifier name="Localized Name">Young's Modulus</Qualifier>
            </ParameterValue>
            <ParameterValue parameter="pa8" format="float">
              <Data>0.27</Data>
              <Qualifier name="Variable Type">Dependent</Qualifier>
              <Qualifier name="Localized Name">Poisson's Ratio</Qualifier>
            </ParameterValue>
            <ParameterValue parameter="pa9" format="float">
              <Data>139855072463.768</Data>
              <Qualifier name="Variable Type">Dependent</Qualifier>
              <Qualifier name="Localized Name">Bulk Modulus</Qualifier>
            </ParameterValue>
            <ParameterValue parameter="pa10" format="float">
              <Data>75984251968.5039</Data>
              <Qualifier name="Variable Type">Dependent</Qualifier>
              <Qualifier name="Localized Name">Shear Modulus</Qualifier>
            </ParameterValue>
            <ParameterValue parameter="pa6" format="float">
              <Data>7.88860905221012e-31</Data>
              <Qualifier name="Variable Type">Independent</Qualifier>
              <Qualifier name="Localized Name">Temperature</Qualifier>
              <Qualifier name="Field Variable">Temperature</Qualifier>
              <Qualifier name="Default Data">22</Qualifier>
              <Qualifier name="Upper Limit">Program Controlled</Qualifier>
              <Qualifier name="Lower Limit">Program Controlled</Qualifier>
              <Qualifier name="Field Units">C</Qualifier>
            </ParameterValue>
          </PropertyData>
          <PropertyData property="pr3">
            <Data format="string">-</Data>
            <Qualifier name="Localized Name">Tensile Yield Strength</Qualifier>
            <ParameterValue parameter="pa11" format="float">
              <Data>205000000</Data>
              <Qualifier name="Variable Type">Dependent</Qualifier>
              <Qualifier name="Localized Name">Tensile Yield Strength</Qualifier>
            </ParameterValue>
          </PropertyData>
        </BulkDetails>
      </Material>
      <Metadata>
        <ParameterDetails id="pa0">
          <Name>Red</Name>
          <Unitless />
        </ParameterDetails>
        <ParameterDetails id="pa1">
          <Name>Green</Name>
          <Unitless />
        </ParameterDetails>
        <ParameterDetails id="pa2">
          <Name>Blue</Name>
          <Unitless />
        </ParameterDetails>
        <ParameterDetails id="pa3">
          <Name>Material Property</Name>
          <Unitless />
        </ParameterDetails>
        <ParameterDetails id="pa4">
          <Name>Options Variable</Name>
          <Unitless />
        </ParameterDetails>
        <ParameterDetails id="pa5">
          <Name>Density</Name>
          <Units name="Density">
            <Unit>
              <Name>kg</Name>
            </Unit>
            <Unit power="-3">
              <Name>m</Name>
            </Unit>
          </Units>
        </ParameterDetails>
        <ParameterDetails id="pa6">
          <Name>Temperature</Name>
          <Units name="Temperature">
            <Unit>
              <Name>C</Name>
            </Unit>
          </Units>
        </ParameterDetails>
        <ParameterDetails id="pa7">
          <Name>Young's Modulus</Name>
          <Units name="Stress">
            <Unit>
              <Name>Pa</Name>
            </Unit>
          </Units>
        </ParameterDetails>
        <ParameterDetails id="pa8">
          <Name>Poisson's Ratio</Name>
          <Unitless />
        </ParameterDetails>
        <ParameterDetails id="pa9">
          <Name>Bulk Modulus</Name>
          <Units name="Stress">
            <Unit>
              <Name>Pa</Name>
            </Unit>
          </Units>
        </ParameterDetails>
        <ParameterDetails id="pa10">
          <Name>Shear Modulus</Name>
          <Units name="Stress">
            <Unit>
              <Name>Pa</Name>
            </Unit>
          </Units>
        </ParameterDetails>
        <ParameterDetails id="pa11">
          <Name>Tensile Yield Strength</Name>
          <Units name="Stress">
            <Unit>
              <Name>Pa</Name>
            </Unit>
          </Units>
        </ParameterDetails>
        <PropertyDetails id="pr0">
          <Unitless />
          <Name>Color</Name>
        </PropertyDetails>
        <PropertyDetails id="pr1">
          <Unitless />
          <Name>Density</Name>
        </PropertyDetails>
        <PropertyDetails id="pr2">
          <Unitless />
          <Name>Elasticity</Name>
        </PropertyDetails>
        <PropertyDetails id="pr3">
          <Unitless />
          <Name>Tensile Yield Strength</Name>
        </PropertyDetails>
      </Metadata>
    </MatML_Doc>
  </Materials>
  <ANSYSWBTransferData>
    <Materials>
      <Material>
        <Name>316 Steel</Name>
        <DataTransferID>6461daf6-208b-4694-9f33-ba74d411af9d</DataTransferID>
        <PreviousTransferIDs>
        </PreviousTransferIDs>
      </Material>
    </Materials>
  </ANSYSWBTransferData>
</EngineeringData>